Day,ET,wnd_spd,Rn,VPD,Ta,h,VWC,G
1,9.29787234,4.337298106,-7.676595745,0.088444914,-3.721817702,0.811092623,0.28193357,11.9114817
2,8.663043478,4.016346761,-14.49130435,0.143988595,-1.227500246,0.745789793,0.279806463,10.36468693
3,11.93829787,3.22603434,-2.540425532,0.182943945,-0.941557747,0.680920491,0.27818565,9.046094979
4,10.12068966,2.033643017,-0.624137931,0.123042868,-5.180605552,0.705983179,0.276823275,9.583535138
5,9.224,3.48919644,-0.264,0.150591792,-4.86102444,0.665074248,0.274037604,9.3300586
6,4.833333333,2.270084905,-23.41190476,0.189732195,-2.603410456,0.652880481,0.26987734,8.445758381
7,8.006521739,1.443447913,13.98478261,0.307170487,1.550446774,0.574495178,0.268904185,7.980224087
8,22.55,1.348938585,14.29411765,0.169124967,1.793989129,0.750336262,0.274670731,8.036831529
9,NA,1.596813571,NA,NA,NA,NA,0.296280538,NA
10,18.18846154,5.857444346,9.092307692,0.056904105,-7.193507538,0.844790765,0.290997138,7.990312538
11,7.287234043,3.264755128,-6.721276596,0.048969529,-11.348261,0.809577751,0.283265888,7.357156617
12,9.2125,5.106376656,9.478125,0.026867617,-8.416982406,0.915933284,0.281175819,7.014589063
13,NA,NA,NA,NA,NA,NA,NA,NA
14,NA,NA,NA,NA,NA,NA,NA,NA
15,NA,NA,NA,NA,NA,NA,NA,NA
16,NA,NA,NA,NA,NA,NA,NA,NA
17,NA,NA,NA,NA,NA,NA,NA,NA
18,NA,NA,NA,NA,NA,NA,NA,NA
19,NA,NA,NA,NA,NA,NA,NA,NA
20,NA,NA,NA,NA,NA,NA,0.262981682,NA
21,NA,NA,NA,NA,NA,NA,0.260137833,NA
22,NA,NA,NA,NA,NA,NA,0.26550839,NA
23,NA,NA,NA,NA,NA,NA,0.263105715,NA
24,NA,NA,NA,NA,NA,NA,0.261882969,NA
25,NA,NA,NA,NA,NA,NA,0.25818975,NA
26,NA,NA,NA,NA,NA,NA,0.283120446,NA
27,NA,NA,NA,NA,NA,NA,0.280548606,NA
28,NA,NA,NA,NA,NA,NA,0.277286283,NA
29,8.4,2.357613771,-22.91428571,0.181083836,-2.107903214,0.655766893,0.275407485,1.964186286
30,6.525,3.327016214,21.65357143,0.249022732,2.539665268,0.6735051,0.27636864,1.612979964
31,25.075,2.416146913,13.0375,0.084564114,4.58295075,0.8989056,0.29406795,1.063927311
32,35.46,2.03050408,129.125,0.157939675,3.399978605,0.80978755,0.288768142,1.3688021
33,21.95,3.704428,51.475,0.128182773,1.9964885,0.821775808,0.290580981,2.26239975
34,21.53571429,4.023544679,34.375,0.08119372,1.888756701,0.891221257,0.288120719,3.856087143
35,13.25151515,2.924158364,9.321212121,0.073326999,-2.942491785,0.843791961,0.282170269,4.515409636
36,7.772972973,1.888036492,15.82702703,0.078820262,-3.368084859,0.83881877,0.275120525,2.503609676
37,11.11081081,2.313706241,57.61621622,0.167740808,-1.357779032,0.728291073,0.271859265,2.200690486
38,15.80454545,3.386706205,48.15,0.229286684,3.170869569,0.724739645,0.273688473,2.402346386
39,9.497297297,2.102542297,18.83243243,0.098693616,0.573563861,0.854330335,0.275779042,2.538405243
40,10.17659574,3.755122979,5.091489362,0.063019783,-3.694748319,0.85596294,0.274583463,2.407138362
41,10.7326087,3.612094826,-9.47826087,0.104797018,-8.297030304,0.683395422,0.271535965,5.339776543
42,11.73030303,2.150023682,16.11515152,0.093395914,-9.543921303,0.717645252,0.266121613,6.594595303
43,6.15,3.6467932,-6.153333333,0.07138298,-9.4094162,0.758393367,0.26181941,4.3685392
44,6.911428571,2.7640167,11.06571429,0.073199048,-11.86979946,0.713302549,0.256210446,3.273412143
45,8.0725,2.172026988,-5.0625,0.090396569,-11.46749908,0.672328285,0.251111265,4.178025925
46,7.41,2.02295166,2.123333333,0.031985889,-6.882624633,0.90250273,0.249457463,3.130981367
47,7.661290323,1.420976694,10.0516129,0.075637269,-2.216142226,0.86116739,0.249374923,0.648412081
48,23.46363636,2.494788818,26.20909091,0.213710032,-1.498281418,0.618358223,0.249789331,0.636526555
49,18.71351351,2.887250568,20.78918919,0.177603227,-3.041405705,0.702548792,0.247960892,1.78811637
50,40.94255319,6.293154574,56.12553191,0.415114977,7.347443191,0.623926162,0.268464185,-1.156028658
51,50.15263158,4.663643868,77.59210526,0.504977305,8.064784,0.546900882,0.279992763,-12.90400208
52,16.01388889,1.666966472,55.64722222,0.189889465,2.738195863,0.753782019,0.277763404,-4.736002155
53,18.69777778,1.582135889,52.01333333,0.17296918,0.679826629,0.752239282,0.275809821,-2.173805084
54,24.39166667,1.722381735,36.56041667,0.288714761,1.183269267,0.613329048,0.273261033,-1.742923479
55,19.3875,3.328075625,-5.88125,0.121018694,-0.820993897,0.793604278,0.271832431,0.018050791
56,22.59555556,4.655621644,12.11111111,0.070562663,-1.967655304,0.861215929,0.270172525,0.534811644
57,5.034883721,2.19032103,4.648837209,0.175544514,-2.517453249,0.660080198,0.269168688,1.974871395
58,10.56206897,4.150788448,12.07241379,0.341965517,3.065159248,0.588509286,0.269381017,2.703456793
59,29.62142857,4.938686357,32.7,0.246875969,8.123639643,0.784688657,0.280459729,-11.40509764
60,36.6787234,4.020531383,57.89361702,0.191513209,0.681315622,0.713277496,0.280366808,2.58873583
61,11.65,3.174937091,-0.440909091,0.026590366,-6.337961636,0.931945327,0.277053377,4.019650182
62,7.915625,2.369692653,2.8625,0.166689125,-5.430205625,0.62125115,0.275278585,2.09181275
63,6.113793103,1.438270497,6.644827586,0.084531779,-6.283629966,0.782066759,0.273117283,2.305641828
64,25.55416667,1.382215863,13.48333333,0.283342181,-2.215997732,0.523096083,0.271753938,1.6978535
65,22.5875,1.159043521,7.404166667,0.077663431,-0.479598267,0.868258708,0.271843444,1.323263708
66,9.011764706,3.577600035,46.93529412,0.15609373,1.175251718,0.784315441,0.270111065,1.625644647
67,0.8,2.374253,184.7,0.7807266,13.62352,0.4993277,0.279567535,1.961452
68,50.855,4.40453647,169.43,0.899426575,17.74388845,0.57415072,0.28671164,-31.513278
69,27.36296296,3.814680519,69.21851852,0.57523823,16.34786852,0.695660678,0.280642244,-19.98785852
70,21.40645161,2.405998142,51.9516129,0.202681365,8.452756194,0.815400113,0.278587835,-5.096134871
71,47.50344828,1.182069617,162.9413793,0.570413494,8.650164883,0.572334341,0.276484829,-6.547194593
72,58.19705882,1.050160312,88.18823529,0.508211145,9.427589494,0.654397618,0.27523009,-6.080070965
73,59.76896552,2.171301883,22.79655172,0.233123481,8.569383517,0.804267945,0.282333471,-3.267984759
74,33.02105263,3.772277684,61.14210526,0.1026391,9.074296421,0.913316616,0.28577864,-7.149205789
75,53.23103448,2.651921731,128.262069,0.36609179,11.31253993,0.77574389,0.281276673,-10.15749217
76,87.89047619,6.168761024,74.65,0.457629253,10.04634476,0.638500357,0.285354783,-1.80614626
77,48.17173913,5.009723783,87.54782609,0.534861607,7.14666463,0.48135393,0.28061665,3.672329563
78,34.98611111,2.382902894,120.6222222,0.274319537,3.596116038,0.694197361,0.277154946,1.528254744
79,33.01333333,2.401806291,97.70444444,0.299288609,1.369109087,0.570333367,0.275080598,3.626188933
80,29.56458333,2.398783958,91.52708333,0.291527017,0.248807325,0.579314221,0.273112242,5.903262313
81,32.75384615,2.362934905,141.0564103,0.345259828,1.930407692,0.555425459,0.271488613,1.973986531
82,20.5,2.654488422,63.9826087,0.565788341,8.2199259,0.535289526,0.270514896,-5.142886935
83,20.778125,2.860928681,30.575,0.150288186,4.179809678,0.839332513,0.269895823,1.717533525
84,79.24166667,3.016366583,36.05833333,0.013221232,2.59102994,0.98072615,0.284699885,0.915157954
85,41.975,1.60672053,120.1545455,0.204475007,0.946865427,0.727640814,0.281649471,2.033505977
86,55.74411765,1.821504009,166.5088235,0.448081474,6.636406668,0.607050353,0.278761075,-5.433287888
87,39.20238095,2.595742833,109.4904762,0.585203811,10.15483595,0.64177374,0.277594381,-8.852233431
88,27.35348837,4.186319779,27.46976744,0.101208936,4.072167002,0.877973723,0.286164538,2.985174397
89,40.47317073,1.217466544,137.4414634,0.470667838,5.554792837,0.557264293,0.280148027,-1.974251366
90,45.18181818,3.482182911,60.47272727,0.478385348,8.828883568,0.605961368,0.277926198,-5.577554932
91,57.60645161,5.273336452,49.93548387,0.159070268,12.64187248,0.896014652,0.311746129,-14.11193669
92,55.70731707,3.657516,142.6682927,0.257252639,4.903768366,0.734647329,0.284074177,4.314333252
93,44.20857143,3.617507829,29.06571429,0.124048428,-0.290757877,0.794886369,0.283857783,12.54706551
94,58.20434783,3.883083885,128.2847826,0.379860184,3.929314595,0.664094117,0.283284615,0.925224717
95,25.34222222,1.976382513,24.36444444,0.08373698,-1.232283513,0.850151078,0.279897621,7.7932712
96,50.92826087,2.208612498,136.1565217,0.29975829,-0.04667835,0.554194785,0.277777542,3.79372128
97,52.34,2.913056571,20.86285714,0.174070439,4.154834657,0.771601037,0.283752323,1.830989444
98,34.14545455,4.143376886,40.95227273,0.108230286,1.444729021,0.836537905,0.284040965,6.32843125
99,42.52162162,2.274420346,38.11081081,0.101244242,-0.708157082,0.823464419,0.282152642,6.640666557
100,22.705,2.381801558,42.8625,0.204738649,-2.244447698,0.633664445,0.282607929,6.1234478
101,57.69,2.913531967,0.816666667,0.107632318,-0.050767117,0.801124853,0.285387667,6.33796399
102,72.37272727,4.300724667,158.4545455,0.34908953,5.735479155,0.61389447,0.286963169,-4.369557173
103,39.17708333,2.113619833,118.5229167,0.34447396,3.144026516,0.584262981,0.280516,-0.410339285
104,30.95238095,1.479282631,94.17380952,0.489712195,6.450452905,0.541979186,0.278385119,-4.826438926
105,38.61086957,1.801629824,132.8478261,0.708823211,9.126503935,0.456379559,0.276814488,-8.105087478
106,39.31458333,1.635514823,124.0166667,1.033494223,12.77598454,0.409466015,0.285177194,-9.38695976
107,42.68222222,1.569762047,136.1,1.402072391,16.87648902,0.366105613,0.289785869,-12.69931615
108,40.8875,1.075604403,160.225,1.72171016,18.8546522,0.29872964,0.288666465,-13.89104176
109,47.78717949,1.727161538,162.9307692,1.747134523,20.8724241,0.357887569,0.290474854,-14.54899864
110,27.32978723,2.532697923,51.91276596,0.571726094,11.77152302,0.598292968,0.304860923,-1.107142849
111,49.84255319,2.407834951,123.0255319,1.142553172,14.93994419,0.377161353,0.286675965,-6.317259787
112,74.525,1.429015859,61.121875,0.19223058,12.43096359,0.864337609,0.304943433,-5.160443928
113,58.08148148,1.361292415,44.41851852,0.107689297,11.73167507,0.923914422,0.312334208,-3.83688571
114,49.25106383,1.638294406,145.5255319,0.60579844,10.11182991,0.565687126,0.295744323,-3.4015914
115,49.92888889,1.986011351,147.6422222,0.939414433,14.22958378,0.481435222,0.291479225,-7.642021318
116,51.91304348,2.862301861,114.2173913,1.069496227,18.18873978,0.542061452,0.303683806,-11.7868635
117,51.33333333,2.427284745,59.26666667,0.087546058,7.508453364,0.907177418,0.316378529,5.126766555
118,63.63541667,2.612381688,140.0020833,0.564905409,8.908278146,0.586303969,0.30115006,1.384563833
119,58.13428571,2.449998286,16.8,0.283401788,6.599433543,0.73086512,0.287009369,6.913350457
120,37.75531915,1.665438062,99.83617021,0.231502838,7.259588191,0.783477028,0.294133846,-1.466007291
121,64.85813953,2.125151186,42.01162791,0.250325564,8.332412163,0.783144614,0.285301475,1.563115129
122,34.06052632,2.255306579,47.65263158,0.058758744,8.283058,0.946949653,0.288361227,-1.017681284
123,46.36428571,1.567632319,104.7047619,0.213472375,8.598629476,0.827747962,0.306966292,-3.20799434
124,111.8282051,2.288106313,202.2435897,0.831115376,13.26389223,0.532438546,0.301585065,-8.853138385
125,53.18235294,2.853573941,13.46666667,0.246238646,9.0244115,0.811826044,0.30742146,5.244622056
126,65.30222222,2.9941656,139.96,0.524254929,11.82983309,0.68674734,0.308633071,-6.634965684
127,63.19285714,1.592348583,176.4642857,1.078396536,15.0603599,0.480687914,0.300193881,-10.01687991
128,47.99375,2.345134073,115.1395833,1.070184458,16.84584708,0.459427767,0.303343456,-7.27862941
129,52.11,2.589662708,198.585,1.158369265,14.37489533,0.340623425,0.294328369,-3.737283546
130,43.16136364,2.056834125,85.76136364,0.797416057,12.488199,0.480479227,0.28995344,-0.260383352
131,59.71111111,2.788362167,37.89444444,0.171347973,10.27332847,0.862696456,0.305406754,1.81541659
132,48.08372093,1.554237714,131.2976744,0.368139037,15.3627293,0.812775595,0.303651988,-12.22653098
133,36.06896552,2.508283138,70.98275862,0.201512137,16.76777276,0.900782886,0.302342923,-10.58894675
134,85.31521739,3.374506322,169.7608696,0.491716433,12.74873661,0.6951126,0.305327525,-1.50566195
135,90.13333333,4.468154289,102.08,0.234837369,5.928837889,0.743697342,0.307576779,15.90143989
136,63.47234043,3.666794021,148.8042553,0.417984549,5.414713128,0.557228866,0.276615373,8.751869038
137,51.16956522,3.143266239,147.2695652,0.826655059,12.00065363,0.490443109,0.289224613,-4.489691275
138,52.03863636,1.443770877,162.9659091,0.622623924,13.71481059,0.642925339,0.29919616,-10.95717235
139,53.21304348,1.60639503,171.826087,0.934611326,13.72379161,0.454787111,0.295652363,-7.589224257
140,79.23666667,1.575577917,286.7666667,1.491355471,18.08455277,0.32803861,0.28909905,-18.53194973
141,38.46190476,1.346440876,117.4547619,1.184338914,17.14595986,0.4348748,0.28818654,-6.628134812
142,44.78333333,1.568849215,142.9333333,1.32065445,17.97520063,0.410034783,0.28194885,-9.404607113
143,44.02391304,1.661284459,169.0152174,1.207093228,17.30956043,0.455847096,0.277568292,-8.236296464
144,60.12105263,1.390084326,216.1815789,1.677427953,19.88727432,0.383470968,0.272828863,-13.74675256
145,41.00731707,1.941916651,193.8731707,1.781666317,21.64927366,0.392542083,0.2669536,-12.26167888
146,47.60625,2.106689579,161.8833333,1.523035592,23.87623417,0.527814198,0.257670217,-15.27058771
147,91.85384615,2.570011264,193.7717949,0.875039787,23.12948333,0.744824551,0.274556313,-17.08008077
148,67.42368421,1.794872313,177.7736842,1.024898858,24.377115,0.685509024,0.270280192,-17.47784658
149,52.70434783,2.481709757,110.9456522,1.095214624,23.94581413,0.653274139,0.267686958,-10.20215215
150,58.49767442,3.248623605,208.0883721,1.186570565,23.39665791,0.616616251,0.264192065,-10.23133579
151,42.03829787,2.133311991,169.3638298,1.344079457,22.49060468,0.56049843,0.260420358,-7.982858723
152,50.61363636,1.486443355,181.7477273,1.763189211,23.20741114,0.445603552,0.257499438,-8.65319857
153,67.25952381,1.529360243,106.6666667,1.052435359,20.89309524,0.587842421,0.256495615,-3.065993032
154,52.95952381,2.710797619,209.3595238,1.236337343,20.9221131,0.54460151,0.253579846,-4.919625269
155,44.81666667,1.160398995,208.2333333,1.391015328,21.27747452,0.531604495,0.24878365,-11.11741321
156,53.54634146,1.591999173,123.1219512,0.910117086,20.79657756,0.679501717,0.246414806,-5.225217722
157,64.6825,3.343177575,106.7375,0.44208921,18.294155,0.802349218,0.272915329,2.159278656
158,70.96363636,3.226320705,166.425,0.930954539,19.1809,0.631970148,0.271584908,-0.977598052
159,30.92291667,3.029102958,71.44375,0.341239599,13.27582017,0.787796006,0.273536969,10.89118544
160,59.96341463,2.614108893,235.5609756,0.768303876,14.25834407,0.586702851,0.270274302,-0.150291722
161,38.67837838,1.339940562,121.827027,1.022979616,17.34557643,0.557643735,0.267849923,-3.567882916
162,42.44130435,1.602003863,173.7369565,1.310217295,23.67934978,0.612619857,0.255341417,-19.25063688
163,39.76808511,2.774567794,196.4340426,1.525751609,26.00793234,0.570064032,0.244145392,-15.50443627
164,47.98913043,1.910350891,164.3413043,1.466539067,20.5988037,0.42330198,0.242060606,-2.480663717
165,39.67446809,1.421363511,138.912766,1.191679236,19.30040872,0.528479281,0.238932781,-3.841275745
166,88.29347826,1.640124391,155.3282609,1.086451548,20.93842174,0.608196407,0.236622335,-8.008490957
167,100.497619,1.888259871,213.35,1.011495004,23.52949429,0.685248883,0.245060108,-14.92024881
168,37.71463415,2.647293639,67.00243902,0.120778448,18.28054415,0.942392176,0.269502542,4.679702722
169,92.5097561,1.323369827,213.9682927,1.56023797,23.36206854,0.526398939,0.312830798,-11.85984793
170,84.11860465,0.907450402,198.6651163,1.817560901,25.07614581,0.518217221,0.518217221,-11.42989096
171,98.29210526,1.807208484,253.25,1.954888203,26.23991763,0.486966184,0.486966184,-15.15213375
172,55.16956522,3.538694413,145.873913,1.273709376,25.74439804,0.625131041,0.625131041,-7.784077504
173,64.82340426,2.666817279,190.8340426,1.22860507,20.62001021,0.530637657,0.530637657,2.174417357
174,52.37555556,1.284366817,137.3377778,1.12020779,21.68456422,0.597674469,0.597674469,-4.660107529
175,63.78125,1.549592657,174.525,0.752246047,21.16393417,0.728232398,0.728232398,-9.281271863
176,67.71956522,1.311901183,192.8043478,1.793799209,22.95565957,0.405526591,0.405526591,-8.318743075
177,88.39268293,1.856400063,222.0439024,1.701332717,24.57237659,0.496756163,0.496756163,-12.32352122
178,48.215,2.107886153,93.8225,0.84900657,24.119059,0.719740205,0.719740205,-5.297842115
179,79.93555556,3.065757111,195.0222222,1.289785336,24.09694356,0.601677331,0.601677331,-5.614398289
180,29.88333333,1.984582773,49.2125,0.636307213,17.0054,0.680988327,0.680988327,8.634005938
181,58.9744186,1.389979767,191.2488372,1.2414219,18.7941393,0.495755549,0.495755549,-3.020673463
182,81.86578947,1.732283018,218.1868421,1.485793087,21.628245,0.477049745,0.477049745,-9.173028623
183,88.00731707,2.464715149,193.0268293,0.68611478,18.25744854,0.693029378,0.693029378,-1.368135641
184,69.02142857,1.225365474,163.4309524,1.025330202,18.50470286,0.592040324,0.592040324,-4.793416833
185,78.13684211,1.266736808,186.5421053,1.25822338,20.62841263,0.551966484,0.551966484,-4.629321679
186,61.64130435,1.518778161,171.2695652,0.930449163,21.34098022,0.665836122,0.665836122,-6.343260978
187,76.15135135,2.140774324,188.3162162,1.036473196,23.86310081,0.679426316,0.679426316,-13.37207781
188,68.5,1.967277005,165.215,1.060360045,24.41581425,0.69625082,0.69625082,-12.04155931
189,78.21388889,1.285328014,168.975,0.958181073,25.40342944,0.736565361,0.736565361,-13.61860656
190,102.5883721,2.431031456,197.0302326,0.913932956,24.2686707,0.732157558,0.732157558,-9.138157907
191,49.75,2.428262354,97.51875,0.700090503,20.51344229,0.72863014,0.72863014,1.047591354
192,102.1088235,1.116840174,253.5441176,1.565441169,23.71284088,0.515919735,0.515919735,-13.66011243
193,74.52272727,1.254555809,120.5431818,0.869493282,23.78407568,0.740326307,0.740326307,-5.395490811
194,117.3431818,2.260549266,184.8886364,0.906983959,25.28063,0.756578798,0.756578798,-8.753316727
195,112.4685714,2.374156257,210.78,0.733301081,25.32196886,0.78919772,0.78919772,-11.29295999
196,99.68125,3.201757,187.29375,1.135929117,24.11813292,0.659184719,0.659184719,-2.90570125
197,56.79148936,2.07943673,97.86808511,0.543789262,19.77057468,0.774262838,0.774262838,5.976941015
198,64.40238095,1.10651439,187.2547619,0.954797608,19.38727071,0.647619026,0.647619026,-3.793766045
199,74.0325,2.7453468,180.155,0.959914598,22.30761725,0.708042925,0.708042925,-2.836157765
200,100.0452381,2.340541667,182.0357143,1.213315821,24.66075048,0.648435907,0.648435907,-10.57579408
201,88.70512821,1.150536423,214.8128205,1.550056274,24.98707179,0.57777199,0.57777199,-12.30581021
202,90.2,1.22771594,234.66,1.45036394,25.74068343,0.628201397,0.628201397,-15.74870069
203,70.00857143,2.042646517,137.34,0.531854481,24.58003771,0.842634103,0.842634103,-5.206772297
204,107.5844444,1.984324062,196.1422222,1.052444036,26.36437956,0.715321682,0.715321682,-13.37736796
205,132.6057143,0.971867989,249.9657143,1.67495265,28.28691714,0.618917506,0.618917506,-19.10184253
206,90.07241379,1.920946269,143.8724138,0.499450022,25.90587655,0.869915948,0.869915948,-9.177177724
207,127.4541667,2.418041694,187.4354167,1.085945615,25.27745833,0.681137938,0.681137938,-6.010026169
208,135.7615385,1.13797591,236.4076923,1.229865455,24.87831692,0.65344189,0.65344189,-9.975870179
209,132.4,1.242915797,252.6837838,1.208673241,25.11964541,0.662111435,0.662111435,-12.49484717
210,94.12285714,1.201155697,215.0628571,0.928496977,24.05489086,0.731870866,0.731870866,-7.925697886
211,63.43913043,1.598042993,107.4717391,0.526920607,21.3267187,0.804413504,0.804413504,7.494353107
212,77.78809524,1.588006548,58.09285714,0.188005924,19.13842238,0.917261771,0.917261771,7.509031517
213,54.39787234,0.98274854,128.0234043,0.411594215,21.07274872,0.85610566,0.85610566,-5.646634191
214,120.8918919,1.033429257,256.3702703,1.17526986,23.45878757,0.641845224,0.641845224,-15.04893941
215,145.3441176,0.849333579,275.4882353,1.350148154,25.35099853,0.639763865,0.639763865,-19.95661068
216,144.9914286,0.732188026,267.84,1.511256876,26.27367743,0.622295731,0.622295731,-20.14998914
217,156.0486486,0.901185489,246.4567568,1.593885651,27.13780027,0.600609268,0.600609268,-17.68829473
218,93.41666667,2.104350254,139.1375,0.824943702,24.48434625,0.741224854,0.741224854,-2.072464269
219,132.5815789,1.818422995,220.4394737,1.090172234,22.99691421,0.642271279,0.642271279,-6.680835721
220,85.38717949,1.041070731,196.8923077,1.125550974,22.11526359,0.612577769,0.612577769,-6.1580129
221,115.92,1.133185746,258.3228571,1.463132346,23.83342286,0.551508031,0.551508031,-12.1009068
222,119.0421053,0.968770932,212.5710526,1.292937834,24.35072632,0.627675232,0.627675232,-10.95966566
223,131.9210526,0.898012582,246.8421053,1.391873034,26.31625,0.661720424,0.661720424,-16.45691971
224,83.05681818,1.862452409,149.2795455,0.973528175,27.21358955,0.754764623,0.754764623,-11.0726823
225,73.9952381,1.643263748,124.4857143,0.549497956,26.01399,0.849443055,0.849443055,-7.736302881
226,110.275,2.571372131,136.8027778,0.327818447,23.88642417,0.900066203,0.900066203,-1.755025553
227,118.6366667,1.39527216,207.8333333,0.86916684,24.65019667,0.73584205,0.73584205,-13.57503909
228,127.1878788,1.002415748,123.1848485,0.343194285,21.75183788,0.89057743,0.89057743,0.761072121
229,154.4971429,2.02386082,189.3228571,0.567058193,23.51909971,0.8299886,0.8299886,-7.424649629
230,120.7631579,1.993058845,203.5631579,0.565939978,23.08063132,0.824826703,0.824826703,-4.330173342
231,120.869697,1.234155345,205.2,0.735140895,24.03886909,0.774457688,0.774457688,-13.21503545
232,100.2678571,1.938827686,143.2964286,0.479134006,23.25197786,0.844700343,0.844700343,-7.189163536
233,77.54642857,2.428212793,101.7178571,0.304297975,22.49551571,0.893455564,0.893455564,-2.166440557
234,72.95217391,2.657169063,113.7652174,0.489046742,18.73037587,0.784898207,0.784898207,9.396523113
235,162.2882353,1.250968988,233.5441176,0.865920187,19.79466971,0.688355129,0.688355129,-9.476786897
236,129.1060606,1.857820645,223.169697,0.975936954,22.10657545,0.665685242,0.665685242,-8.874986551
237,53.10263158,2.052205103,88.72105263,0.461808574,22.03852868,0.833406655,0.833406655,-3.520775632
238,82.06857143,2.307984043,173.3085714,0.537649055,23.54690229,0.825133731,0.825133731,-8.3490484
239,115.1263158,1.213870476,216.6947368,0.893945031,22.82236342,0.716581387,0.716581387,-8.826230611
240,81.44117647,1.477695976,99.26470588,0.408927647,21.40586294,0.846262929,0.846262929,0.255193094
241,153.8037037,1.276176744,314.6037037,0.957238866,26.50844556,0.739009104,0.739009104,-25.4049138
242,121.4736842,0.904830282,218.2921053,0.864250626,24.88158211,0.763657418,0.763657418,-11.07080608
243,70.73333333,1.100142073,122.0177778,0.472125935,23.43827822,0.851493909,0.851493909,-4.887359562
244,76.88222222,1.314706138,136.1911111,0.617163521,22.02741978,0.777134438,0.777134438,0.842097133
245,71.13958333,1.383337485,119.0666667,0.649419717,18.29866396,0.717503265,0.717503265,8.700800531
246,65.275,1.543244633,122.35,0.688581771,18.10639875,0.697956558,0.697956558,7.99637676
247,82.49473684,1.206800874,197.7947368,0.763492198,19.11462816,0.71193305,0.71193305,1.142359353
248,139.4193548,1.206207374,244.8580645,1.089336136,21.88593742,0.630454774,0.630454774,-7.577165179
249,98.3575,1.640919348,177.3175,1.011981796,23.9077675,0.699800873,0.699800873,-9.20988808
250,85.2025641,2.049686672,185.8974359,0.933589932,26.91439744,0.761273372,0.761273372,-15.52264341
251,82.11351351,1.825749595,149.1135135,0.813496565,27.36263243,0.783791168,0.783791168,-13.97233943
252,62.58571429,2.274335686,66.22285714,0.227710923,23.07017257,0.922824614,0.922824614,-1.634870443
253,75.78918919,1.134380441,112.4702703,0.313280089,22.59567432,0.900756941,0.900756941,-4.633577622
254,48.855,2.421347848,47.645,0.209449911,18.8529105,0.903167503,0.903167503,9.37450905
255,103.8181818,1.036081067,207.4272727,0.847703981,18.53270788,0.651988009,0.651988009,-3.604499545
256,90.9804878,1.425073129,154.7365854,0.82827703,18.94112829,0.672602524,0.672602524,-0.409217927
257,75.23611111,1.953608956,187.0416667,0.769472306,21.85372528,0.740889886,0.740889886,-11.84879056
258,67.03181818,1.350010641,138.6477273,0.695750312,18.68279932,0.702224514,0.702224514,4.630426884
259,65.99230769,1.388259538,142.7461538,0.905983391,18.57455923,0.610298305,0.610298305,0.431841308
260,83.76774194,1.800357181,199.2870968,0.885471607,21.12744,0.692069577,0.692069577,-10.99706439
261,86.41944444,1.987732711,106.1277778,0.407846979,21.31253556,0.852407292,0.852407292,-6.708034617
262,92.61612903,1.695127313,207.2225806,0.801430745,21.06502806,0.714119045,0.714119045,-9.817905506
263,99.85,1.617291708,170.8052632,1.181600236,21.99342474,0.629286187,0.629286187,-7.050165076
264,58.17954545,1.009116964,148.4545455,1.17457719,21.86433045,0.604358182,0.604358182,-4.429101159
265,44.35641026,1.233672367,72.32051282,0.58170658,20.67366718,0.789548041,0.789548041,-1.654286769
266,61.97878788,1.281328327,157.9,0.944359173,23.50376242,0.719356388,0.719356388,-14.44897425
267,24.915,1.609789008,30.24,0.207676393,18.78226675,0.903059598,0.903059598,4.28128749
268,30.10208333,1.789423104,100.4145833,0.517413565,16.58439083,0.753648096,0.753648096,4.340938708
269,41.80833333,1.818689121,103.4583333,0.775719588,18.09050938,0.67964206,0.67964206,0.163260146
270,62.3175,3.054674975,101.9775,0.699611192,16.22771225,0.627950095,0.627950095,5.36193485
271,35.93913043,2.889259128,84.96956522,0.675976141,13.97787154,0.602617889,0.602617889,6.9773468
272,36.95813953,1.974671395,44.2744186,0.338334622,13.25880349,0.795384479,0.795384479,8.843190386
273,85.13030303,2.464884333,29.14242424,0.079935376,14.64090333,0.952048706,0.952048706,5.173697167
274,47.30555556,2.244240944,29.20277778,0.046640531,14.84564028,0.972888042,0.972888042,3.469678526
275,64.74473684,1.509443792,79.82894737,0.275634524,15.69310711,0.868964142,0.868964142,-3.528129161
276,70.49090909,1.062815991,114.530303,0.2877263,15.57264848,0.865980706,0.865980706,-5.984416394
277,38.1,1.019747439,113.8806452,0.269223077,15.98512129,0.874604284,0.874604284,-6.9894399
278,49.93636364,1.66781652,107.4522727,0.613428634,17.51453136,0.75322098,0.75322098,-5.197933382
279,70.46153846,2.208923931,168.3153846,0.720544535,21.17540308,0.746953396,0.746953396,-18.1926125
280,60.50333333,0.98868752,62.84,0.089415786,19.41783633,0.964633227,0.964633227,-7.6470319
281,43.18780488,2.582493707,72.76341463,0.443434427,17.60375561,0.80716831,0.80716831,-1.111698998
282,34.04130435,2.619607363,76.46521739,0.421260875,9.966497674,0.682584907,0.682584907,15.8832346
283,25.33555556,1.030953413,87.77111111,0.456039677,10.48925351,0.690832916,0.690832916,7.491056822
284,29.25227273,1.401664336,82.82272727,0.501704082,12.23457073,0.697325177,0.697325177,4.423009866
285,27.325,1.705820317,60.56666667,0.608147083,15.32575938,0.680683115,0.680683115,-1.123783275
286,45.60487805,2.414635451,34.35121951,0.380089321,14.86991917,0.796498015,0.796498015,3.235597356
287,41.705,1.722512733,91.8275,0.357097883,9.6068486,0.734551915,0.734551915,8.084304275
288,51.04871795,1.678615013,104.1820513,0.55020779,11.40238313,0.649765764,0.649765764,2.749133667
289,16.3475,2.778272275,48.2925,0.36886889,15.20650065,0.81190977,0.81190977,-4.870061525
290,42.07931034,2.181991759,17.33793103,0.083498424,17.60429655,0.961706686,0.961706686,-7.612939552
291,39.26744186,3.502936488,40.9255814,0.522241256,21.39549047,0.819101449,0.819101449,-13.82332798
292,26.58444444,4.03385904,43.05333333,0.677084768,20.24905378,0.732731462,0.732731462,-5.799620244
293,64.10645161,1.315164584,128.9806452,0.69877822,16.48784558,0.687630523,0.687630523,-9.901324432
294,20.99,1.458336235,8.3975,0.199308642,12.03094173,0.85656803,0.85656803,9.994162225
295,29.07083333,1.68126424,35.27083333,0.367651321,8.011462208,0.669706302,0.669706302,13.01288202
296,25.54418605,2.028645965,68.66511628,0.330478148,7.646082767,0.714048153,0.714048153,7.521915465
297,37.75,2.970701987,98.57333333,0.636285596,15.00289437,0.671736217,0.671736217,-10.3970804
298,24.17272727,2.462534591,52.525,0.440692905,9.394343818,0.650850164,0.650850164,6.909735509
299,33.22352941,0.995086253,84.01176471,0.380640669,7.529365941,0.687356012,0.687356012,6.752065915
300,116.0785714,2.702078393,-7.739285714,0.115332254,4.776984071,0.86752,0.86752,20.24140821
301,20.42083333,1.766724038,28.26666667,0.0720005,5.833431375,0.923742425,0.923742425,6.318905213
302,27.85227273,2.782108348,46.05454545,0.256502113,9.838324091,0.809273589,0.809273589,0.265485739
303,29.35,2.601303646,35.46538462,0.316661928,16.88803231,0.844577931,0.844577931,-13.28458385
304,34.37317073,1.433688771,35.39512195,0.195563674,9.921635805,0.839405444,0.839405444,6.17967198
305,33.20857143,2.037786437,63.34285714,0.303350819,8.8259278,0.756231306,0.756231306,6.750689871
306,20.95,2.751092997,92.15882353,0.690205344,17.58252068,0.716762959,0.716762959,-18.55292579
307,46.628,1.15093074,24.512,0.103734399,15.6485452,0.942774708,0.942774708,-6.74457996
308,32.76428571,1.222334207,47.025,0.128058909,11.65215154,0.911069107,0.911069107,0.778855704
309,67.26071429,1.5037619,102.4892857,0.359747581,9.425852964,0.737454161,0.737454161,3.581301571
310,23.934375,1.948357503,73.284375,0.522964844,12.31712331,0.696009353,0.696009353,-3.445777125
311,33.70434783,1.086761248,101.9173913,0.616436356,15.35555622,0.698509926,0.698509926,-14.51199857
312,66.43870968,1.559753948,76.40322581,0.580131408,13.39793065,0.699831968,0.699831968,-3.616693516
313,21.485,2.691197713,15.06,0.277471748,10.39966543,0.780614268,0.780614268,6.048876485
314,21.22926829,2.131180976,42.23414634,0.421357815,8.624262707,0.646635366,0.646635366,7.125673763
315,26.475,4.057177159,23.40227273,0.676685868,11.64751557,0.551912998,0.551912998,3.100561659
316,28.43684211,1.908552292,25.83421053,0.518306145,7.631064526,0.517119955,0.517119955,10.68972824
317,31.7225,1.944861078,24.695,0.312627747,4.281595888,0.668952208,0.668952208,11.97588804
318,20.03414634,3.45239939,13.75121951,0.53554849,7.842736341,0.540292883,0.540292883,6.068654537
319,14.71333333,2.579180467,20.99555556,0.50868018,8.908248489,0.59278702,0.59278702,0.802152333
320,16.05384615,1.797240346,82.23461538,0.21048718,9.151518654,0.833959469,0.833959469,-7.355030269
321,58.63636364,0.928714003,37.90909091,0.127038952,8.050266727,0.899100055,0.899100055,-1.138446333
322,48.33783784,2.454044865,42.64054054,0.529443637,12.62915089,0.723957551,0.723957551,-8.575771189
323,41.64642857,4.440856321,68.46071429,0.665591914,15.93955696,0.657924171,0.657924171,-14.86020836
324,42.18148148,5.18233737,-11.35925926,0.153960761,2.278985798,0.801085726,0.801085726,27.35250704
325,33.54791667,3.976642,0.572916667,0.162523402,-1.409377375,0.705741463,0.705741463,22.20361167
326,25.08125,2.553447667,11.9625,0.199394734,-0.486868046,0.672777323,0.672777323,16.83040943
327,18.69117647,1.100970438,30.27647059,0.21273378,0.131673358,0.684197691,0.684197691,10.34955853
328,51.41666667,2.248553,1.5625,0.107467984,1.212899528,0.827601508,0.827601508,10.24631317
329,29.54090909,2.449213868,15.49090909,0.033962224,4.177019091,0.960467873,0.960467873,-0.202174091
330,30.36538462,2.329130192,7,0.019175001,2.591706077,0.974174204,0.974174204,5.880017162
331,14.18409091,1.916496541,3.527272727,0.11760406,3.020110318,0.849300227,0.849300227,6.078774369
332,11.78064516,2.417599516,27.50645161,0.032864975,1.923790529,0.955709829,0.955709829,5.092409961
333,45.27948718,3.412482538,-2.497435897,0.125970766,6.160163154,0.856748067,0.856748067,-3.859325749
334,43.24210526,4.019205368,32.88947368,0.306341453,10.48649924,0.769814879,0.769814879,-10.11976361
335,32.35757576,2.966298285,41.76363636,0.190255657,6.224460515,0.807550015,0.807550015,3.184285452
336,79.36153846,3.584327385,11.58076923,0.032799779,2.281224819,0.954124108,0.954124108,10.59989108
337,24.20285714,2.445179543,8.322857143,0.109699461,1.8322246,0.84194374,0.84194374,9.757462571
338,8.666666667,1.354567423,-5.952083333,0.117809005,1.238552433,0.823860296,0.823860296,8.604377021
339,12.68181818,1.069817864,-1.348484848,0.098767743,0.297550728,0.843759009,0.843759009,9.694362909
340,7.035714286,2.474674775,5.9,0.054563728,0.635255562,0.917017432,0.917017432,8.880098643
341,9.792307692,2.599969958,15.32692308,0.131745547,2.544304262,0.824277877,0.824277877,5.154342879
342,28.85,4.548725167,27.48125,0.158254702,-0.483923274,0.733303779,0.733303779,11.47494438
343,12.53777778,4.440699889,-8.817777778,0.070121319,-3.929419,0.84909646,0.84909646,10.96000911
344,6.963333333,2.831189833,-0.33,0.040340841,-4.099862567,0.90866625,0.90866625,8.874313733
345,5.115789474,2.213444789,-1.863157895,0.034231373,-5.835692579,0.912573737,0.912573737,6.750676158
346,8.869230769,2.542839385,1.896153846,0.010768564,-4.661834346,0.973060508,0.973060508,4.321768423
347,11.49,4.208551,-4.73,0.068028338,-2.784385728,0.860330255,0.860330255,4.53328
348,4.164516129,3.601481419,-7.422580645,0.067208019,-6.695104258,0.817940819,0.817940819,4.630994516
349,3.658823529,4.833155206,-7.147058824,0.044305646,-9.274220941,0.855326991,0.855326991,6.210077588
350,2.376190476,4.099491833,-10.65238095,0.034480866,-11.49621171,0.868378605,0.868378605,7.341660905
351,6.265789474,2.390272,4.360526316,0.078080563,-10.73095529,0.724085266,0.724085266,5.272390026
352,15.13461538,1.03732285,3.526923077,0.012718679,-7.019552538,0.9635754,0.9635754,4.470110154
353,3.158333333,2.394375875,18.625,0.034778455,-9.030521458,0.884937742,0.884937742,4.421189417
354,2.945833333,3.340682208,-12.57083333,0.091723822,-13.09963583,0.593773213,0.593773213,4.796851
355,17.86896552,5.095059552,-19.29655172,0.182909673,-7.081703207,0.5330179,0.5330179,6.685273103
356,5.29,2.770531433,-7.053333333,0.124943653,-1.859964852,0.781426597,0.781426597,4.665596667
357,9.496428571,3.891014571,-3.385714286,0.196336718,2.127234811,0.726489468,0.726489468,3.824238071
358,21.8952381,2.396904,-0.261904762,0.08182121,0.127146645,0.868550638,0.868550638,4.053440238
359,4.356666667,1.537364817,8.74,0.091194294,1.56724459,0.91645395,0.91645395,3.7060648
360,5.225581395,2.615635705,0.125581395,0.058018153,0.424458369,0.926621102,0.926621102,3.731850721
361,25.27142857,4.851783643,-25.3,0.27446138,4.75773789,0.759855952,0.759855952,-3.416096905
362,16.66041667,4.971968063,-6.783333333,0.104309106,-2.413928013,0.799510519,0.799510519,10.19388204
363,15.80227273,2.799832659,16.25681818,0.177958308,0.177707737,0.730825705,0.730825705,5.924333114
364,11.51111111,4.802631178,10.94,0.128358482,0.45843008,0.803046084,0.803046084,5.215590333
365,9.410869565,3.76012,-12.31304348,0.127993673,-2.860873,0.744558637,0.744558637,4.762142152
366,21.97659574,4.771486553,-4.693617021,0.260138873,1.226130836,0.623864011,0.623864011,4.727158723
